Date;Match ID;League;country;Time;Status;Diff_Prob;OddAsianOverGoals_FT;AsianOverGoals_FT;OddAsianUnderGoals_FT;AsianUnderGoals_FT;corners_home;corners_away;corners_FT;corners_home_HT;corners_away_HT;Corners_HT;attack_FT;dangerous_attack_FT;possession_FT;Home;Home Pos;Home Red Cards;Home Yellow Cards;Odd_H_FT;Goals_H_HT;Goals_H_FT;Score;Odd_D_FT;Away;Away Pos;Away Red Cards;Away Yellow Cards;Odd_A_FT;Goals_A_HT;Goals_A_FT;Handicap;Corners (FT);Corners (HT);Total Goals Line (FT);Total Goals Line (HT);Dangerous Attacks (FT);Dangerous Attacks (HT);half_dangerous_attack_away;half_dangerous_attack_home;half_possession_away;half_possession_home;half_shoot_off_target_away;half_shoot_off_target_home;half_shoot_on_target_away;half_shoot_on_target_home;odds_lose_odds;odds_win_odds;odds_draw_odds;handicap_goal_over_line;handicap_goal_over_odds;handicap_goal_under_odds;handicap_goal_under_line;attack_away;attack_home;dangerous_attack_away;dangerous_attack_home;possession_away;possession_home;shoot_off_target_away;shoot_off_target_home;shoot_on_target_away;shoot_on_target_home;GoalMinutes;goal_minutes_real;goal_periods;is_extra_time;goal_scorers;goal_diff_before_list;goal_diff_after_list;period_result_before_list;period_result_after_list;pct_time_drawing;pct_time_home_winning;pct_time_away_winning;pct_time_drawing_HT;pct_time_home_winning_HT;pct_time_away_winning_HT
2026-04-20;193155654;Ethiopia Premier League;Ethiopia;07:00;Schedule;0.1620859760394644;1.9;1.5, 2.0;1.9;1.5, 2.0;3.0;2.0;;2.0;1.0;3.0;144.0;98.0;100.0;Bahir Dar Kenema FC;;0.0;0.0;2.15;0;0.0;0 - 2;2.7;Shaggar City;;0.0;1.0;3.3;2;2.0;-0.25 (-0.25);3 - 2;2-1;1.75 (2.75);nan;50 - 47;38 - 31;31.0;38.0;45.0;55.0;1.0;2.0;3.0;2.0;;;;;;;;71.0;73.0;47.0;51.0;45.0;55.0;1.0;5.0;3.0;3.0;23' - 1st Goal - Shaggar City | 31' - 2nd Goal - Shaggar City;[23 31];[1 1];[False False];['Shaggar City' 'Shaggar City'];[ 0 -1];[-1 -2];['D' 'A'];['A' 'A'];0.26;0.0;0.74;0.51;0.0;0.49
2026-04-20;193143408;Ukraine Vyscha Liga;Ukraine;07:00;Schedule;-0.046296296296296335;1.9;2.0;1.9;2.0;7.0;0.0;;4.0;0.0;4.0;114.0;59.0;100.0;PFC Oleksandria;15.0;0.0;1.0;2.7;0;0.0;0 - 2;3.1;FC Veres Rivne;10.0;0.0;2.0;2.4;2;2.0;0.0 (-0.25);7 - 0;4-0;2.0 (2.75);nan;32 - 26;18 - 19;19.0;18.0;36.0;64.0;0.0;1.0;2.0;1.0;;;;;;;;54.0;60.0;26.0;33.0;39.0;61.0;0.0;1.0;3.0;1.0;7' - 1st Goal - FC Veres Rivne | 40' - 2nd Goal - FC Veres Rivne;[ 7 40];[1 1];[False False];['FC Veres Rivne' 'FC Veres Rivne'];[ 0 -1];[-1 -2];['D' 'A'];['A' 'A'];0.08;0.0;0.92;0.16;0.0;0.84
2026-04-20;193165188;Paraguay Reserve League;Paraguay;07:30;Half;0.2142857142857143;1.85;2.5, 3.0;1.95;2.5, 3.0;4.0;2.0;;4.0;2.0;6.0;84.0;70.0;100.0;Olimpia Asuncion Reserves;;0.0;0.0;2.0;1;1.0;1 - 0;3.3;Cerro Porteno Asuncion Reserves;;0.0;2.0;3.5;0;0.0;-0.5 ( 0.0);4 - 2;4-2;2.75 ( 2.5);nan;44 - 26;44 - 26;26.0;44.0;43.0;57.0;1.0;6.0;1.0;1.0;;;;;;;;43.0;41.0;26.0;44.0;43.0;57.0;1.0;6.0;1.0;1.0;3' - 1st Goal - Olimpia Asuncion Reserves;[3];[1];[False];['Olimpia Asuncion Reserves'];[0];[1];['D'];['H'];0.03;0.97;0.0;0.07;0.93;0.0
2026-04-20;193165199;Paraguay Reserve League;Paraguay;07:30;Half;0.02354788069073782;1.95;3.0;1.85;3.0;1.0;3.0;;1.0;3.0;4.0;119.0;61.0;100.0;Sportivo Ameliano Reserves;;0.0;0.0;2.45;1;1.0;1 - 0;3.2;Nacional Asuncion Reserves;;0.0;0.0;2.6;0;0.0;0.0 (+0.25);1 - 3;1-3;3.0 ( 2.5);nan;26 - 35;26 - 35;35.0;26.0;51.0;49.0;2.0;1.0;1.0;4.0;;;;;;;;58.0;61.0;35.0;26.0;51.0;49.0;2.0;1.0;1.0;4.0;4' - 1st Goal - Sportivo Ameliano Reserves;[4];[1];[False];['Sportivo Ameliano Reserves'];[0];[1];['D'];['H'];0.04;0.96;0.0;0.09;0.91;0.0
2026-04-20;193163452;India Delhi Premier League;India;07:30;Half;-0.3087685253290349;1.875;2.5, 3.0;1.925;2.5, 3.0;1.0;4.0;;1.0;4.0;5.0;109.0;71.0;;Northern United FC;;0.0;0.0;3.7;0;0.0;0 - 0;3.7;Garhwal FC;;0.0;0.0;1.727;0;0.0;+0.75 (+0.25);1 - 4;1-4;2.75 ( 1.5);nan;39 - 32;39 - 32;32.0;39.0;;;3.0;5.0;1.0;0.0;;;;;;;;54.0;55.0;32.0;39.0;;;3.0;5.0;1.0;0.0;nan;[];[];[];[];[];[];[];[];1.0;0.0;0.0;1.0;0.0;0.0
2026-04-20;193141615;Hong Kong U22 League;Hong Kong;07:45;Schedule;0.8055555555555555;1.95;4.5, 5.0;1.85;4.5, 5.0;2.0;1.0;;2.0;1.0;3.0;49.0;58.0;100.0;HK Rangers FC U22;;0.0;1.0;1.125;0;0.0;0 - 0;8.5;Kowloon City U22;;0.0;0.0;12.0;0;0.0;-2.75 (-1.75);2 - 1;2-1;4.75 ( 2.5);2.0 ( 0.5);38 - 20;nan;;;;;;;;;;;;;;;;14.0;35.0;20.0;38.0;50.0;50.0;2.0;5.0;1.0;3.0;nan;[];[];[];[];[];[];[];[];1.0;0.0;0.0;1.0;0.0;0.0
2026-04-20;193155687;England Development League 2;England;08:00;Schedule;0.26839826839826836;1.825;3.5;1.975;3.5;1.0;1.0;;1.0;1.0;2.0;37.0;15.0;100.0;Sheff Wed U21;;0.0;1.0;1.75;2;2.0;2 - 0;4.333;Crewe U21;;0.0;0.0;3.3;0;0.0;-0.75 (-1.75);1 - 1;1-1;3.5 ( 5.5);1.5 ( 3);10 - 5;nan;;;;;;;;;;;;;;;;17.0;20.0;5.0;10.0;54.0;46.0;0.0;2.0;0.0;5.0;7' - 1st Goal - Sheff Wed U21 | 8' - 2nd Goal - Sheff Wed U21;[7 8];[1 1];[False False];['Sheff Wed U21' 'Sheff Wed U21'];[0 1];[1 2];['D' 'H'];['H' 'H'];0.08;0.92;0.0;0.16;0.84;0.0
2026-04-20;193218608;Uzbekistan 1st Division;Uzbekistan;08:30;Schedule;-0.15360983102918585;1.8;2.0;2.0;2.0;0.0;0.0;;0.0;0.0;0.0;0.0;0.0;;FC Lochin;;0.0;0.0;3.1;0;0.0;0 - 0;3.2;Shortan Guzor;;0.0;0.0;2.1;0;0.0;+0.25;0 - 0;0-0;2.0;0.75;-;nan;;;;;;;;;;;;;;;;0.0;0.0;0.0;0.0;;;0.0;0.0;0.0;0.0;nan;[];[];[];[];[];[];[];[];1.0;0.0;0.0;1.0;0.0;0.0
2026-04-20;193141280;Georgia Liga 3;Georgia;09:00;Schedule;-0.17948717948717957;1.9;2.5, 3.0;1.9;2.5, 3.0;0.0;0.0;;0.0;0.0;0.0;0.0;0.0;;FC Iberia 1999 II;;0.0;0.0;3.0;0;0.0;0 - 0;3.6;Guria Lanchkhuti;;0.0;0.0;1.95;0;0.0;+0.25;0 - 0;0-0;2.75;1.25;-;nan;;;;;;;;;;;;;;;;0.0;0.0;0.0;0.0;;;0.0;0.0;0.0;0.0;nan;[];[];[];[];[];[];[];[];1.0;0.0;0.0;1.0;0.0;0.0
2026-04-20;193141282;Georgia Liga 3;Georgia;09:00;Schedule;0.5403726708074534;2.0;3.0, 3.5;1.8;3.0, 3.5;0.0;0.0;;0.0;0.0;0.0;0.0;0.0;;FC WIT Georgia Tbilisi;;0.0;0.0;1.4;0;0.0;0 - 0;4.333;Kolkheti Khobi;;0.0;0.0;5.75;0;0.0;-1.25;0 - 0;0-0;3.25;1.25;-;nan;;;;;;;;;;;;;;;;0.0;0.0;0.0;0.0;;;0.0;0.0;0.0;0.0;nan;[];[];[];[];[];[];[];[];1.0;0.0;0.0;1.0;0.0;0.0
2026-04-20;193138494;Armenia Premier League;Armenia;09:00;Schedule;0.707219494453537;1.9;3.0, 3.5;1.9;3.0, 3.5;0.0;0.0;;0.0;0.0;0.0;0.0;0.0;;Noah;5.0;0.0;0.0;1.222;0;0.0;0 - 0;5.5;FC Van;6.0;0.0;0.0;9.0;0;0.0;-2.0;0 - 0;0-0;3.25;1.25;-;nan;;;;;;;;;;;;;;;;0.0;0.0;0.0;0.0;;;0.0;0.0;0.0;0.0;nan;[];[];[];[];[];[];[];[];1.0;0.0;0.0;1.0;0.0;0.0
2026-04-20;193142453;Indonesia Super League;Indonesia;09:00;Schedule;-0.16369047619047616;2.025;2.5;1.775;2.5;0.0;0.0;;0.0;0.0;0.0;0.0;0.0;;Dewa United FC;;0.0;0.0;3.2;0;0.0;0 - 0;3.25;Persib Bandung;;0.0;0.0;2.1;0;0.0;+0.25;0 - 0;0-0;2.5;1.0;-;nan;;;;;;;;;;;;;;;;0.0;0.0;0.0;0.0;;;0.0;0.0;0.0;0.0;nan;[];[];[];[];[];[];[];[];1.0;0.0;0.0;1.0;0.0;0.0
2026-04-20;193143971;Türkiye U19 League;Turkey;09:00;Schedule;0.050167224080267636;1.975;2.5, 3.0;1.825;2.5, 3.0;0.0;0.0;;0.0;0.0;0.0;0.0;0.0;;Gaziantep FK U19;;0.0;0.0;2.3;0;0.0;0 - 0;3.5;Kayserispor U19;;0.0;0.0;2.6;0;0.0;0.0;0 - 0;0-0;2.75;1.0;-;nan;;;;;;;;;;;;;;;;0.0;0.0;0.0;0.0;;;0.0;0.0;0.0;0.0;nan;[];[];[];[];[];[];[];[];1.0;0.0;0.0;1.0;0.0;0.0
2026-04-20;193155696;Italy Campionato Primavera 1;Italy;09:00;Schedule;-0.028895768833849256;1.85;2.5;1.95;2.5;0.0;0.0;;0.0;0.0;0.0;0.0;0.0;;Genoa U20;;0.0;0.0;2.55;0;0.0;0 - 0;3.4;Torino U20;;0.0;0.0;2.375;0;0.0;0.0;0 - 0;0-0;2.5;1.0;-;nan;;;;;;;;;;;;;;;;0.0;0.0;0.0;0.0;;;0.0;0.0;0.0;0.0;nan;[];[];[];[];[];[];[];[];1.0;0.0;0.0;1.0;0.0;0.0
2026-04-20;193155692;England Development League 2;England;09:00;Schedule;0.22222222222222227;2.0;4.0;1.8;4.0;0.0;0.0;;0.0;0.0;0.0;0.0;0.0;;Watford U21;;0.0;0.0;1.8;0;0.0;0 - 0;4.333;Charlton U21;;0.0;0.0;3.0;0;0.0;-0.5;0 - 0;0-0;4.0;1.5;-;nan;;;;;;;;;;;;;;;;0.0;0.0;0.0;0.0;;;0.0;0.0;0.0;0.0;nan;[];[];[];[];[];[];[];[];1.0;0.0;0.0;1.0;0.0;0.0
2026-04-20;193213300;Uruguay Reserve League;Uruguay;09:30;Schedule;0.35744831050352294;1.975;2.5, 3.0;1.825;2.5, 3.0;0.0;0.0;;0.0;0.0;0.0;0.0;0.0;;Defensor Sporting Reserves;;0.0;0.0;1.7;0;0.0;0 - 0;3.75;CA River Plate Reserves;;0.0;0.0;4.333;0;0.0;-0.75;0 - 0;0-0;2.75;1.25;-;nan;;;;;;;;;;;;;;;;0.0;0.0;0.0;0.0;;;0.0;0.0;0.0;0.0;nan;[];[];[];[];[];[];[];[];1.0;0.0;0.0;1.0;0.0;0.0
2026-04-20;193141619;Hong Kong U22 League;Hong Kong;09:45;Schedule;0.4417894050193979;1.8;2.5, 3.0;2.0;2.5, 3.0;0.0;0.0;;0.0;0.0;0.0;0.0;0.0;;Hong Kong FC U22;;0.0;0.0;1.533;0;0.0;0 - 0;3.9;Kitchee U22;;0.0;0.0;4.75;0;0.0;-1.0;0 - 0;0-0;2.75;1.25;-;nan;;;;;;;;;;;;;;;;0.0;0.0;0.0;0.0;;;0.0;0.0;0.0;0.0;nan;[];[];[];[];[];[];[];[];1.0;0.0;0.0;1.0;0.0;0.0
2026-04-20;193165203;Paraguay Tercera Division;Paraguay;10:00;Schedule;0.2142857142857143;1.875;2.5, 3.0;1.925;2.5, 3.0;0.0;0.0;;0.0;0.0;0.0;0.0;0.0;;River Plate Asuncion;;0.0;0.0;2.0;0;0.0;0 - 0;3.25;Atlantida SC;;0.0;0.0;3.5;0;0.0;-0.5;0 - 0;0-0;2.75;1.25;-;nan;;;;;;;;;;;;;;;;0.0;0.0;0.0;0.0;;;0.0;0.0;0.0;0.0;nan;[];[];[];[];[];[];[];[];1.0;0.0;0.0;1.0;0.0;0.0
2026-04-20;193221704;Iraq Premier Division;Iraq;10:00;Schedule;0.07763975155279507;1.975;2.0, 2.5;1.825;2.0, 2.5;0.0;0.0;;0.0;0.0;0.0;0.0;0.0;;Baladiyat Al-Mosul SC;;0.0;0.0;2.3;0;0.0;0 - 0;3.1;Al Furat;;0.0;0.0;2.8;0;0.0;-0.25;0 - 0;0-0;2.25;1.0;-;nan;;;;;;;;;;;;;;;;0.0;0.0;0.0;0.0;;;0.0;0.0;0.0;0.0;nan;[];[];[];[];[];[];[];[];1.0;0.0;0.0;1.0;0.0;0.0
2026-04-20;193155663;Ethiopia Premier League;Ethiopia;10:00;Schedule;-0.1122019635343619;1.975;1.5, 2.0;1.825;1.5, 2.0;0.0;0.0;;0.0;0.0;0.0;0.0;0.0;;Shire Endaselassie FC;18.0;0.0;0.0;3.1;0;0.0;0 - 0;2.75;Wolaita Dicha;16.0;0.0;0.0;2.3;0;0.0;+0.25;0 - 0;0-0;1.75;0.75;-;nan;;;;;;;;;;;;;;;;0.0;0.0;0.0;0.0;;;0.0;0.0;0.0;0.0;nan;[];[];[];[];[];[];[];[];1.0;0.0;0.0;1.0;0.0;0.0
2026-04-20;193155658;Ethiopia Premier League;Ethiopia;10:00;Schedule;0.0;1.775;1.5;2.025;1.5;0.0;0.0;;0.0;0.0;0.0;0.0;0.0;;Ethio Electric FC;6.0;0.0;0.0;2.7;0;0.0;0 - 0;2.55;Ethiopian Medhin;17.0;0.0;0.0;2.7;0;0.0;0.0;0 - 0;0-0;1.5;0.5;-;nan;;;;;;;;;;;;;;;;0.0;0.0;0.0;0.0;;;0.0;0.0;0.0;0.0;nan;[];[];[];[];[];[];[];[];1.0;0.0;0.0;1.0;0.0;0.0
2026-04-20;193155668;England Development League 2;England;10:00;Schedule;0.35252837977296186;1.9;3.5, 4.0;1.9;3.5, 4.0;0.0;0.0;;0.0;0.0;0.0;0.0;0.0;;Cardiff U21;;0.0;0.0;1.615;0;0.0;0 - 0;4.5;Hull U21;;0.0;0.0;3.75;0;0.0;-1.0;0 - 0;0-0;3.75;1.5;-;nan;;;;;;;;;;;;;;;;0.0;0.0;0.0;0.0;;;0.0;0.0;0.0;0.0;nan;[];[];[];[];[];[];[];[];1.0;0.0;0.0;1.0;0.0;0.0
2026-04-20;193221701;Iraq Premier Division;Iraq;10:00;Schedule;0.00816326530612238;1.8;2.0, 2.5;2.0;2.0, 2.5;0.0;0.0;;0.0;0.0;0.0;0.0;0.0;;Al Sufia;;0.0;0.0;2.45;0;0.0;0 - 0;3.3;Aliyat Al-Shorta SC;;0.0;0.0;2.5;0;0.0;0.0;0 - 0;0-0;2.25;1.0;-;nan;;;;;;;;;;;;;;;;0.0;0.0;0.0;0.0;;;0.0;0.0;0.0;0.0;nan;[];[];[];[];[];[];[];[];1.0;0.0;0.0;1.0;0.0;0.0
2026-04-20;193165633;Zanzibar Premier League;Tanzania;10:00;Schedule;-0.016006402561024313;1.95;2.0;1.85;2.0;0.0;0.0;;0.0;0.0;0.0;0.0;0.0;;Zimamoto SC;;0.0;0.0;2.55;0;0.0;0 - 0;3.1;Uhamiaji FC;;0.0;0.0;2.45;0;0.0;0.0;0 - 0;0-0;2.0;0.75;-;nan;;;;;;;;;;;;;;;;0.0;0.0;0.0;0.0;;;0.0;0.0;0.0;0.0;nan;[];[];[];[];[];[];[];[];1.0;0.0;0.0;1.0;0.0;0.0
2026-04-20;193146143;Uzbekistan 1st Division;Uzbekistan;10:00;Schedule;0.5507246376811595;1.9;2.5;1.9;2.5;0.0;0.0;;0.0;0.0;0.0;0.0;0.0;;FC Yaypan Fergana;;0.0;0.0;1.38;0;0.0;0 - 0;4.5;Jayxun;;0.0;0.0;5.75;0;0.0;-1.25;0 - 0;0-0;2.5;1.0;-;nan;;;;;;;;;;;;;;;;0.0;0.0;0.0;0.0;;;0.0;0.0;0.0;0.0;nan;[];[];[];[];[];[];[];[];1.0;0.0;0.0;1.0;0.0;0.0
2026-04-20;193213316;Uzbekistan 1st Division;Uzbekistan;10:00;Schedule;0.5592247864337625;1.9;2.5, 3.0;1.9;2.5, 3.0;0.0;0.0;;0.0;0.0;0.0;0.0;0.0;;Metalourg Bekabad;;0.0;0.0;1.364;0;0.0;0 - 0;5.0;BuxDu;;0.0;0.0;5.75;0;0.0;-1.5;0 - 0;0-0;2.75;1.25;-;nan;;;;;;;;;;;;;;;;0.0;0.0;0.0;0.0;;;0.0;0.0;0.0;0.0;nan;[];[];[];[];[];[];[];[];1.0;0.0;0.0;1.0;0.0;0.0
2026-04-20;193213342;Italy Campionato Primavera 1;Italy;11:00;Schedule;0.09090909090909088;1.9;2.5, 3.0;1.9;2.5, 3.0;0.0;0.0;;0.0;0.0;0.0;0.0;0.0;;Atalanta U20;;0.0;0.0;2.2;0;0.0;0 - 0;3.4;Parma U20;;0.0;0.0;2.75;0;0.0;-0.25;0 - 0;0-0;2.75;1.25;-;nan;;;;;;;;;;;;;;;;0.0;0.0;0.0;0.0;;;0.0;0.0;0.0;0.0;nan;[];[];[];[];[];[];[];[];1.0;0.0;0.0;1.0;0.0;0.0
2026-04-20;193141284;Georgia Liga 3;Georgia;11:00;Schedule;0.45614035087719296;1.8;3.0;2.0;3.0;0.0;0.0;;0.0;0.0;0.0;0.0;0.0;;Dinamo Tbilisi II;;0.0;0.0;1.5;0;0.0;0 - 0;4.2;Iveria Khashuri;;0.0;0.0;4.75;0;0.0;-1.0;0 - 0;0-0;3.0;1.25;-;nan;;;;;;;;;;;;;;;;0.0;0.0;0.0;0.0;;;0.0;0.0;0.0;0.0;nan;[];[];[];[];[];[];[];[];1.0;0.0;0.0;1.0;0.0;0.0
2026-04-20;193143745;Slovenia U19 League;Slovenia;11:00;Schedule;0.7222222222222223;1.95;3.5, 4.0;1.85;3.5, 4.0;0.0;0.0;;0.0;0.0;0.0;0.0;0.0;;NK Celje U19;;0.0;0.0;1.2;0;0.0;0 - 0;6.0;Jadran Dekani U19;;0.0;0.0;9.0;0;0.0;-2.0;0 - 0;0-0;3.75;1.5;-;nan;;;;;;;;;;;;;;;;0.0;0.0;0.0;0.0;;;0.0;0.0;0.0;0.0;nan;[];[];[];[];[];[];[];[];1.0;0.0;0.0;1.0;0.0;0.0
2026-04-20;193142008;India Super League;India;11:00;Schedule;0.45108695652173914;1.85;2.0, 2.5;1.95;2.0, 2.5;0.0;0.0;;0.0;0.0;0.0;0.0;0.0;;Punjab FC;;0.0;0.0;1.6;0;0.0;0 - 0;3.3;Inter Kashi FC;;0.0;0.0;5.75;0;0.0;-0.75;0 - 0;0-0;2.25;1.0;-;nan;;;;;;;;;;;;;;;;0.0;0.0;0.0;0.0;;;0.0;0.0;0.0;0.0;nan;[];[];[];[];[];[];[];[];1.0;0.0;0.0;1.0;0.0;0.0
2026-04-20;192988235;Romania Liga I;Romania;11:30;Schedule;0.5792916760658695;1.8;2.5, 3.0;2.0;2.5, 3.0;0.0;0.0;;0.0;0.0;0.0;0.0;0.0;;FC Botosani;;0.0;0.0;1.364;0;0.0;0 - 0;4.333;Metaloglobus Bucuresti;;0.0;0.0;6.5;0;0.0;-1.25;0 - 0;0-0;2.75;1.25;-;nan;;;;;;;;;;;;;;;;0.0;0.0;0.0;0.0;;;0.0;0.0;0.0;0.0;nan;[];[];[];[];[];[];[];[];1.0;0.0;0.0;1.0;0.0;0.0
2026-04-20;193143420;Ukraine Vyscha Liga;Ukraine;12:00;Schedule;0.27027027027027023;1.95;2.0, 2.5;1.85;2.0, 2.5;0.0;0.0;;0.0;0.0;0.0;0.0;0.0;;Shakhtar Donetsk;2.0;0.0;0.0;1.85;0;0.0;0 - 0;3.3;Polissya Zhytomyr;3.0;0.0;0.0;3.7;0;0.0;-0.5;0 - 0;0-0;2.25;1.0;-;nan;;;;;;;;;;;;;;;;0.0;0.0;0.0;0.0;;;0.0;0.0;0.0;0.0;nan;[];[];[];[];[];[];[];[];1.0;0.0;0.0;1.0;0.0;0.0
2026-04-20;192986551;Czechia 2. Liga;Czech Republic;12:00;Schedule;0.27027027027027023;2.0;2.5;1.8;2.5;0.0;0.0;;0.0;0.0;0.0;0.0;0.0;;SK Artis Brno;;0.0;0.0;1.85;0;0.0;0 - 0;3.2;FC Silon Taborsko;;0.0;0.0;3.7;0;0.0;-0.5;0 - 0;0-0;2.5;1.0;-;nan;;;;;;;;;;;;;;;;0.0;0.0;0.0;0.0;;;0.0;0.0;0.0;0.0;nan;[];[];[];[];[];[];[];[];1.0;0.0;0.0;1.0;0.0;0.0
2026-04-20;193145391;Norway Division 3 Group 4;Norway;12:00;Schedule;0.3856490541422049;1.825;3.5, 4.0;1.975;3.5, 4.0;0.0;0.0;;0.0;0.0;0.0;0.0;0.0;;Viking 2;;0.0;0.0;1.533;0;0.0;0 - 0;5.0;Odd 2;;0.0;0.0;3.75;0;0.0;-0.75;0 - 0;0-0;3.75;1.5;-;nan;;;;;;;;;;;;;;;;0.0;0.0;0.0;0.0;;;0.0;0.0;0.0;0.0;nan;[];[];[];[];[];[];[];[];1.0;0.0;0.0;1.0;0.0;0.0
2026-04-20;193155650;Cameroon Elite One;Cameroon;12:00;Schedule;-0.07763975155279507;1.9;2.0;1.9;2.0;0.0;0.0;;0.0;0.0;0.0;0.0;0.0;;Fauve Azur Elite;;0.0;0.0;2.8;0;0.0;0 - 0;3.0;Panthere Sportive Du Nde;;0.0;0.0;2.3;0;0.0;+0.25;0 - 0;0-0;2.0;0.75;-;nan;;;;;;;;;;;;;;;;0.0;0.0;0.0;0.0;;;0.0;0.0;0.0;0.0;nan;[];[];[];[];[];[];[];[];1.0;0.0;0.0;1.0;0.0;0.0
2026-04-20;193138518;Armenia Premier League;Armenia;12:00;Schedule;-0.5507246376811595;1.925;2.5, 3.0;1.875;2.5, 3.0;0.0;0.0;;0.0;0.0;0.0;0.0;0.0;;Shirak;16.0;0.0;0.0;5.75;0;0.0;0 - 0;4.5;Ararat Armenia;14.0;0.0;0.0;1.38;0;0.0;+1.25;0 - 0;0-0;2.75;1.25;-;nan;;;;;;;;;;;;;;;;0.0;0.0;0.0;0.0;;;0.0;0.0;0.0;0.0;nan;[];[];[];[];[];[];[];[];1.0;0.0;0.0;1.0;0.0;0.0
2026-04-20;193143750;Slovenia U19 League;Slovenia;12:00;Schedule;0.027777777777777735;1.8;3.0, 3.5;2.0;3.0, 3.5;0.0;0.0;;0.0;0.0;0.0;0.0;0.0;;Ns Mura U19;;0.0;0.0;2.25;0;0.0;0 - 0;3.9;NK Brinje Grosuplje U19;;0.0;0.0;2.4;0;0.0;0.0;0 - 0;0-0;3.25;1.5;-;nan;;;;;;;;;;;;;;;;0.0;0.0;0.0;0.0;;;0.0;0.0;0.0;0.0;nan;[];[];[];[];[];[];[];[];1.0;0.0;0.0;1.0;0.0;0.0
2026-04-20;193162253;Finland Ykkonen;Finland;12:30;Schedule;0.5186077321450079;1.925;3.0, 3.5;1.875;3.0, 3.5;0.0;0.0;;0.0;0.0;0.0;0.0;0.0;;KPV;;0.0;0.0;1.444;0;0.0;0 - 0;4.1;FC Jazz;;0.0;0.0;5.75;0;0.0;-1.25;0 - 0;0-0;3.25;1.25;-;nan;;;;;;;;;;;;;;;;0.0;0.0;0.0;0.0;;;0.0;0.0;0.0;0.0;nan;[];[];[];[];[];[];[];[];1.0;0.0;0.0;1.0;0.0;0.0
2026-04-20;193162247;Finland Ykkonen Women;Finland;12:30;Schedule;-0.30126101782152737;1.975;3.0, 3.5;1.825;3.0, 3.5;0.0;0.0;;0.0;0.0;0.0;0.0;0.0;;TPS (W);;0.0;0.0;3.6;0;0.0;0 - 0;3.9;HJS (W);;0.0;0.0;1.727;0;0.0;+0.75;0 - 0;0-0;3.25;1.25;-;nan;;;;;;;;;;;;;;;;0.0;0.0;0.0;0.0;;;0.0;0.0;0.0;0.0;nan;[];[];[];[];[];[];[];[];1.0;0.0;0.0;1.0;0.0;0.0
2026-04-20;193144354;Saudi Arabia U21 League;Saudi Arabia;12:45;Schedule;0.11255411255411252;1.975;2.5, 3.0;1.825;2.5, 3.0;0.0;0.0;;0.0;0.0;0.0;0.0;0.0;;Al Qadisiya Al Khubar U21;;0.0;0.0;2.1;0;0.0;0 - 0;3.6;Al Feiha U21;;0.0;0.0;2.75;0;0.0;-0.25;0 - 0;0-0;2.75;1.0;-;nan;;;;;;;;;;;;;;;;0.0;0.0;0.0;0.0;;;0.0;0.0;0.0;0.0;nan;[];[];[];[];[];[];[];[];1.0;0.0;0.0;1.0;0.0;0.0
2026-04-20;193143529;Saudi Arabia Division 1;Saudi Arabia;12:45;Schedule;0.06993006993006995;1.875;2.5;1.925;2.5;0.0;0.0;;0.0;0.0;0.0;0.0;0.0;;Al Adalh;;0.0;0.0;2.2;0;0.0;0 - 0;3.6;Al Jandal;;0.0;0.0;2.6;0;0.0;-0.25;0 - 0;0-0;2.5;1.0;-;nan;;;;;;;;;;;;;;;;0.0;0.0;0.0;0.0;;;0.0;0.0;0.0;0.0;nan;[];[];[];[];[];[];[];[];1.0;0.0;0.0;1.0;0.0;0.0
2026-04-20;193143527;Saudi Arabia Division 1;Saudi Arabia;12:45;Schedule;-0.325077399380805;1.875;2.5, 3.0;1.925;2.5, 3.0;0.0;0.0;;0.0;0.0;0.0;0.0;0.0;;Al Jubail Club;18.0;0.0;0.0;3.8;0;0.0;0 - 0;3.8;Al Wahda Mecca;11.0;0.0;0.0;1.7;0;0.0;+0.75;0 - 0;0-0;2.75;1.25;-;nan;;;;;;;;;;;;;;;;0.0;0.0;0.0;0.0;;;0.0;0.0;0.0;0.0;nan;[];[];[];[];[];[];[];[];1.0;0.0;0.0;1.0;0.0;0.0
2026-04-20;193145388;Norway Division 3 Group 2;Norway;13:00;Schedule;0.07964161274265813;1.825;4.0, 4.5;1.975;4.0, 4.5;0.0;0.0;;0.0;0.0;0.0;0.0;0.0;;Kvik Trondheim;;0.0;0.0;2.05;0;0.0;0 - 0;4.5;Molde 2;;0.0;0.0;2.45;0;0.0;-0.25;0 - 0;0-0;4.25;1.75;-;nan;;;;;;;;;;;;;;;;0.0;0.0;0.0;0.0;;;0.0;0.0;0.0;0.0;nan;[];[];[];[];[];[];[];[];1.0;0.0;0.0;1.0;0.0;0.0
2026-04-20;193144541;Qatar Reserve League;Qatar;13:00;Schedule;-0.016006402561024313;1.85;2.0, 2.5;1.95;2.0, 2.5;0.0;0.0;;0.0;0.0;0.0;0.0;0.0;;Umm Salal U23;;0.0;0.0;2.55;0;0.0;0 - 0;3.2;Al Duhail U23;;0.0;0.0;2.45;0;0.0;0.0;0 - 0;0-0;2.25;1.0;-;nan;;;;;;;;;;;;;;;;0.0;0.0;0.0;0.0;;;0.0;0.0;0.0;0.0;nan;[];[];[];[];[];[];[];[];1.0;0.0;0.0;1.0;0.0;0.0
2026-04-20;193222340;Burkina Faso League 2;Burkina Faso;13:00;Schedule;0.37903879559930514;1.8;2.0;2.0;2.0;0.0;0.0;;0.0;0.0;0.0;0.0;0.0;;KOZAF;;0.0;0.0;1.727;0;0.0;0 - 0;3.1;US Ouagadougou;;0.0;0.0;5.0;0;0.0;-0.75;0 - 0;0-0;2.0;0.75;-;nan;;;;;;;;;;;;;;;;0.0;0.0;0.0;0.0;;;0.0;0.0;0.0;0.0;nan;[];[];[];[];[];[];[];[];1.0;0.0;0.0;1.0;0.0;0.0
2026-04-20;193145396;Norway Division 3 Group 6;Norway;13:00;Schedule;0.023391812865497075;1.85;4.0, 4.5;1.95;4.0, 4.5;0.0;0.0;;0.0;0.0;0.0;0.0;0.0;;Rælingen;;0.0;0.0;2.25;0;0.0;0 - 0;4.1;Sarpsborg 2;;0.0;0.0;2.375;0;0.0;0.0;0 - 0;0-0;4.25;1.75;-;nan;;;;;;;;;;;;;;;;0.0;0.0;0.0;0.0;;;0.0;0.0;0.0;0.0;nan;[];[];[];[];[];[];[];[];1.0;0.0;0.0;1.0;0.0;0.0
2026-04-20;193144545;Qatar Reserve League;Qatar;13:00;Schedule;-0.2271062271062272;1.8;2.0, 2.5;2.0;2.0, 2.5;0.0;0.0;;0.0;0.0;0.0;0.0;0.0;;Al-Wakrah SC U23;;0.0;0.0;3.5;0;0.0;0 - 0;3.25;Al-Ahli Doha U23;;0.0;0.0;1.95;0;0.0;+0.5;0 - 0;0-0;2.25;1.0;-;nan;;;;;;;;;;;;;;;;0.0;0.0;0.0;0.0;;;0.0;0.0;0.0;0.0;nan;[];[];[];[];[];[];[];[];1.0;0.0;0.0;1.0;0.0;0.0
2026-04-20;193157881;Bahrain Division 2;Bahrain;13:00;Schedule;0.8902285551901921;1.875;4.0;1.925;4.0;0.0;0.0;;0.0;0.0;0.0;0.0;0.0;;Al Ittifaq Maqaba;;0.0;0.0;1.071;0;0.0;0 - 0;11.0;Al Tadamun Buri;;0.0;0.0;23.0;0;0.0;-3.25;0 - 0;0-0;4.0;1.75;-;nan;;;;;;;;;;;;;;;;0.0;0.0;0.0;0.0;;;0.0;0.0;0.0;0.0;nan;[];[];[];[];[];[];[];[];1.0;0.0;0.0;1.0;0.0;0.0
2026-04-20;192496180;Poland I Liga;Poland;13:00;Schedule;0.5157421289355323;1.975;3.0;1.825;3.0;0.0;0.0;;0.0;0.0;0.0;0.0;0.0;;Miedz Legnica;;0.0;0.0;1.45;0;0.0;0 - 0;4.2;Gornik Leczna;;0.0;0.0;5.75;0;0.0;-1.25;0 - 0;0-0;3.0;1.25;-;nan;;;;;;;;;;;;;;;;0.0;0.0;0.0;0.0;;;0.0;0.0;0.0;0.0;nan;[];[];[];[];[];[];[];[];1.0;0.0;0.0;1.0;0.0;0.0
2026-04-20;193144551;Qatar Reserve League;Qatar;13:00;Schedule;0.22328548644338114;1.9;2.5;1.9;2.5;0.0;0.0;;0.0;0.0;0.0;0.0;0.0;;Al-Rayyan SC U23;;0.0;0.0;1.9;0;0.0;0 - 0;3.5;Qatar SC Doha U23;;0.0;0.0;3.3;0;0.0;-0.5;0 - 0;0-0;2.5;1.0;-;nan;;;;;;;;;;;;;;;;0.0;0.0;0.0;0.0;;;0.0;0.0;0.0;0.0;nan;[];[];[];[];[];[];[];[];1.0;0.0;0.0;1.0;0.0;0.0
2026-04-20;193221905;Qatar Reserve League;Qatar;13:00;Schedule;-0.20032051282051289;1.875;2.5;1.925;2.5;0.0;0.0;;0.0;0.0;0.0;0.0;0.0;;Al-Sailiya SC U23;;0.0;0.0;3.2;0;0.0;0 - 0;3.5;Al Gharafa U23;;0.0;0.0;1.95;0;0.0;+0.5;0 - 0;0-0;2.5;1.0;-;nan;;;;;;;;;;;;;;;;0.0;0.0;0.0;0.0;;;0.0;0.0;0.0;0.0;nan;[];[];[];[];[];[];[];[];1.0;0.0;0.0;1.0;0.0;0.0
2026-04-20;193155702;Lithuania II Lyga;Lithuania;13:00;Schedule;0.34141726866185074;1.825;3.5;1.975;3.5;0.0;0.0;;0.0;0.0;0.0;0.0;0.0;;FKS Ukmerge;5.0;0.0;0.0;1.615;0;0.0;0 - 0;4.6;Suduva Marijampole II;6.0;0.0;0.0;3.6;0;0.0;-0.75;0 - 0;0-0;3.5;1.5;-;nan;;;;;;;;;;;;;;;;0.0;0.0;0.0;0.0;;;0.0;0.0;0.0;0.0;nan;[];[];[];[];[];[];[];[];1.0;0.0;0.0;1.0;0.0;0.0
2026-04-20;193157885;Bahrain Division 2;Bahrain;13:00;Schedule;-0.5078369905956113;1.825;2.5, 3.0;1.975;2.5, 3.0;0.0;0.0;;0.0;0.0;0.0;0.0;0.0;;Buri Cultural SC;;0.0;0.0;5.5;0;0.0;0 - 0;4.1;Manama;;0.0;0.0;1.45;0;0.0;+1.25;0 - 0;0-0;2.75;1.25;-;nan;;;;;;;;;;;;;;;;0.0;0.0;0.0;0.0;;;0.0;0.0;0.0;0.0;nan;[];[];[];[];[];[];[];[];1.0;0.0;0.0;1.0;0.0;0.0
2026-04-20;193157883;Bahrain Division 2;Bahrain;13:00;Schedule;0.09090909090909088;1.775;2.0, 2.5;2.025;2.0, 2.5;0.0;0.0;;0.0;0.0;0.0;0.0;0.0;;East Riffa;;0.0;0.0;2.2;0;0.0;0 - 0;3.3;Al-Ittihad Bahrain;;0.0;0.0;2.75;0;0.0;-0.25;0 - 0;0-0;2.25;1.0;-;nan;;;;;;;;;;;;;;;;0.0;0.0;0.0;0.0;;;0.0;0.0;0.0;0.0;nan;[];[];[];[];[];[];[];[];1.0;0.0;0.0;1.0;0.0;0.0
2026-04-20;193141286;Georgia Liga 3;Georgia;13:00;Schedule;0.5579710144927538;1.825;3.0;1.975;3.0;0.0;0.0;;0.0;0.0;0.0;0.0;0.0;;FC Tbilisi 2025;;0.0;0.0;1.38;0;0.0;0 - 0;4.333;FC Iberia 2010;;0.0;0.0;6.0;0;0.0;-1.25;0 - 0;0-0;3.0;1.25;-;nan;;;;;;;;;;;;;;;;0.0;0.0;0.0;0.0;;;0.0;0.0;0.0;0.0;nan;[];[];[];[];[];[];[];[];1.0;0.0;0.0;1.0;0.0;0.0
2026-04-20;193213334;AFC Champions League Elite;International (Asia);13:15;Schedule;-0.3409435575040671;2.0;2.5, 3.0;1.8;2.5, 3.0;0.0;0.0;;0.0;0.0;0.0;0.0;0.0;;Vissel Kobe;;0.0;0.0;4.2;0;0.0;0 - 0;3.3;Al Ahli Jeddah;;0.0;0.0;1.727;0;0.0;+0.75;0 - 0;0-0;2.75;1.0;-;nan;;;;;;;;;;;;;;;;0.0;0.0;0.0;0.0;;;0.0;0.0;0.0;0.0;nan;[];[];[];[];[];[];[];[];1.0;0.0;0.0;1.0;0.0;0.0
2026-04-20;193163222;Gambia Division 2;Gambia;13:30;Schedule;0.24255024255024266;1.975;2.0;1.825;2.0;0.0;0.0;;0.0;0.0;0.0;0.0;0.0;;RS Tallinding;;0.0;0.0;1.95;0;0.0;0 - 0;3.1;Suwo Kono;;0.0;0.0;3.7;0;0.0;-0.5;0 - 0;0-0;2.0;0.75;-;nan;;;;;;;;;;;;;;;;0.0;0.0;0.0;0.0;;;0.0;0.0;0.0;0.0;nan;[];[];[];[];[];[];[];[];1.0;0.0;0.0;1.0;0.0;0.0
2026-04-20;193163224;Gambia Division 2;Gambia;13:30;Schedule;0.08730158730158727;1.925;2.0, 2.5;1.875;2.0, 2.5;0.0;0.0;;0.0;0.0;0.0;0.0;0.0;;Serrekunda FC;;0.0;0.0;2.25;0;0.0;0 - 0;3.2;North Stars FC;;0.0;0.0;2.8;0;0.0;-0.25;0 - 0;0-0;2.25;1.0;-;nan;;;;;;;;;;;;;;;;0.0;0.0;0.0;0.0;;;0.0;0.0;0.0;0.0;nan;[];[];[];[];[];[];[];[];1.0;0.0;0.0;1.0;0.0;0.0
2026-04-20;193221770;Mauritania Cup;Mauritania;13:45;Schedule;0.014245014245014231;1.8;2.0;2.0;2.0;0.0;0.0;;0.0;0.0;0.0;0.0;0.0;;Chemal FC;;0.0;0.0;2.6;0;0.0;0 - 0;2.8;ASC Police;;0.0;0.0;2.7;0;0.0;0.0;0 - 0;0-0;2.0;0.75;-;nan;;;;;;;;;;;;;;;;0.0;0.0;0.0;0.0;;;0.0;0.0;0.0;0.0;nan;[];[];[];[];[];[];[];[];1.0;0.0;0.0;1.0;0.0;0.0
2026-04-20;193230538;UEFA Youth League;International (Europe);13:45;Schedule;-0.2113344683080146;1.825;3.0;1.975;3.0;0.0;0.0;;0.0;0.0;0.0;0.0;0.0;;Club Brugge U19;;0.0;0.0;3.2;0;0.0;0 - 0;3.7;Real Madrid U19;;0.0;0.0;1.909;0;0.0;+0.5;0 - 0;0-0;3.0;1.25;-;nan;;;;;;;;;;;;;;;;0.0;0.0;0.0;0.0;;;0.0;0.0;0.0;0.0;nan;[];[];[];[];[];[];[];[];1.0;0.0;0.0;1.0;0.0;0.0
2026-04-20;192609166;Türkiye Super Lig;Turkey;14:00;Schedule;0.1218637992831541;1.95;2.5, 3.0;1.85;2.5, 3.0;0.0;0.0;;0.0;0.0;0.0;0.0;0.0;;Gaziantep FK;;0.0;0.0;2.25;0;0.0;0 - 0;3.25;Kayserispor;;0.0;0.0;3.1;0;0.0;-0.25;0 - 0;0-0;2.75;1.0;-;nan;;;;;;;;;;;;;;;;0.0;0.0;0.0;0.0;;;0.0;0.0;0.0;0.0;nan;[];[];[];[];[];[];[];[];1.0;0.0;0.0;1.0;0.0;0.0
2026-04-20;192611492;Norway Division 1;Norway;14:00;Schedule;0.367965367965368;1.8;3.0;2.0;3.0;0.0;0.0;;0.0;0.0;0.0;0.0;0.0;;Lyn 1896;9.0;0.0;0.0;1.65;0;0.0;0 - 0;4.5;Sandnes Ulf;12.0;0.0;0.0;4.2;0;0.0;-0.75;0 - 0;0-0;3.0;1.25;-;nan;;;;;;;;;;;;;;;;0.0;0.0;0.0;0.0;;;0.0;0.0;0.0;0.0;nan;[];[];[];[];[];[];[];[];1.0;0.0;0.0;1.0;0.0;0.0
2026-04-20;193145393;Norway Division 3 Group 5;Norway;14:00;Schedule;-0.037878787878787845;1.825;3.5, 4.0;1.975;3.5, 4.0;0.0;0.0;;0.0;0.0;0.0;0.0;0.0;;Lillestrøm 2;;0.0;0.0;2.4;0;0.0;0 - 0;4.0;Skjetten;;0.0;0.0;2.2;0;0.0;0.0;0 - 0;0-0;3.75;1.5;-;nan;;;;;;;;;;;;;;;;0.0;0.0;0.0;0.0;;;0.0;0.0;0.0;0.0;nan;[];[];[];[];[];[];[];[];1.0;0.0;0.0;1.0;0.0;0.0
2026-04-20;193221948;Senegal Ligue 2;Senegal;14:00;Schedule;0.5892857142857143;2.0;2.0, 2.5;1.8;2.0, 2.5;0.0;0.0;;0.0;0.0;0.0;0.0;0.0;;Oslo FA;;0.0;0.0;1.4;0;0.0;0 - 0;3.9;Guelwaars Academy;;0.0;0.0;8.0;0;0.0;-1.25;0 - 0;0-0;2.25;0.75;-;nan;;;;;;;;;;;;;;;;0.0;0.0;0.0;0.0;;;0.0;0.0;0.0;0.0;nan;[];[];[];[];[];[];[];[];1.0;0.0;0.0;1.0;0.0;0.0
2026-04-20;193213361;Zanzibar Premier League;Tanzania;14:00;Schedule;0.5966386554621849;1.975;2.0;1.825;2.0;5.0;0.0;;5.0;0.0;5.0;56.0;61.0;;JKU FC;;0.0;2.0;1.4;1;1.0;1 - 0;3.6;Kipanga FC;;0.0;0.0;8.5;0;0.0;-1.0 (-0.75);5 - 0;5-0;2.0 (2.25);0.75 ( 1.5);38 - 19;nan;;;;;;;;;;;;;;;;27.0;29.0;21.0;40.0;;;1.0;8.0;1.0;3.0;24' - 1st Goal - JKU FC;[24];[1];[False];['JKU FC'];[0];[1];['D'];['H'];0.27;0.73;0.0;0.53;0.47;0.0
2026-04-20;193119342;Senegal Premier League;Senegal;14:00;Schedule;0.04285714285714287;1.8;1.5;2.0;1.5;0.0;0.0;;0.0;0.0;0.0;0.0;0.0;;ASC HLM;13.0;0.0;0.0;2.5;0;0.0;0 - 0;2.625;Stade de Mbour;11.0;0.0;0.0;2.8;0;0.0;0.0;0 - 0;0-0;1.5;0.5;-;nan;;;;;;;;;;;;;;;;0.0;0.0;0.0;0.0;;;0.0;0.0;0.0;0.0;nan;[];[];[];[];[];[];[];[];1.0;0.0;0.0;1.0;0.0;0.0
2026-04-20;192607408;Denmark Superligaen;Denmark;14:00;Schedule;0.2222222222222222;1.85;2.5;1.95;2.5;0.0;0.0;;0.0;0.0;0.0;0.0;0.0;;Midtjylland;2.0;0.0;0.0;2.0;0;0.0;0 - 0;3.4;AGF Aarhus;1.0;0.0;0.0;3.6;0;0.0;-0.5;0 - 0;0-0;2.5;1.0;-;nan;;;;;;;;;;;;;;;;0.0;0.0;0.0;0.0;;;0.0;0.0;0.0;0.0;nan;[];[];[];[];[];[];[];[];1.0;0.0;0.0;1.0;0.0;0.0
2026-04-20;193145386;Norway Division 3 Group 1;Norway;14:00;Schedule;-0.3282828282828283;1.825;3.5;1.975;3.5;0.0;0.0;;0.0;0.0;0.0;0.0;0.0;;KFUM 2;;0.0;0.0;3.6;0;0.0;0 - 0;4.333;FK Union Carl Berner;;0.0;0.0;1.65;0;0.0;+0.75;0 - 0;0-0;3.5;1.5;-;nan;;;;;;;;;;;;;;;;0.0;0.0;0.0;0.0;;;0.0;0.0;0.0;0.0;nan;[];[];[];[];[];[];[];[];1.0;0.0;0.0;1.0;0.0;0.0
2026-04-20;191642172;Poland Ekstraklasa;Poland;14:00;Schedule;0.12028869286287086;1.85;2.5, 3.0;1.95;2.5, 3.0;0.0;0.0;;0.0;0.0;0.0;0.0;0.0;;Lechia Gdansk;9.0;0.0;0.0;2.15;0;0.0;0 - 0;3.5;Piast Gliwice;15.0;0.0;0.0;2.9;0;0.0;-0.25;0 - 0;0-0;2.75;1.25;-;nan;;;;;;;;;;;;;;;;0.0;0.0;0.0;0.0;;;0.0;0.0;0.0;0.0;nan;[];[];[];[];[];[];[];[];1.0;0.0;0.0;1.0;0.0;0.0
2026-04-20;192611109;Sweden Superettan;Sweden;14:05;Schedule;-0.055161544523246675;1.85;2.5;1.95;2.5;0.0;0.0;;0.0;0.0;0.0;0.0;0.0;;GIF Sundsvall;1.0;0.0;0.0;2.7;0;0.0;0 - 0;3.4;IK Brage;1.0;0.0;0.0;2.35;0;0.0;0.0;0 - 0;0-0;2.5;1.0;-;nan;;;;;;;;;;;;;;;;0.0;0.0;0.0;0.0;;;0.0;0.0;0.0;0.0;nan;[];[];[];[];[];[];[];[];1.0;0.0;0.0;1.0;0.0;0.0
2026-04-20;192988239;Romania Liga I;Romania;14:30;Schedule;-0.35744831050352294;1.95;2.5, 3.0;1.85;2.5, 3.0;0.0;0.0;;0.0;0.0;0.0;0.0;0.0;;Farul Constanta;;0.0;0.0;4.333;0;0.0;0 - 0;3.5;FCSB;;0.0;0.0;1.7;0;0.0;+0.75;0 - 0;0-0;2.75;1.25;-;nan;;;;;;;;;;;;;;;;0.0;0.0;0.0;0.0;;;0.0;0.0;0.0;0.0;nan;[];[];[];[];[];[];[];[];1.0;0.0;0.0;1.0;0.0;0.0
2026-04-20;193139831;Belgium Reserve League;Belgium;14:30;Schedule;0.6849972722313148;1.85;3.5, 4.0;1.95;3.5, 4.0;0.0;0.0;;0.0;0.0;0.0;0.0;0.0;;KV Kortrijk Reserves;;0.0;0.0;1.222;0;0.0;0 - 0;6.0;Francs Borains Reserves;;0.0;0.0;7.5;0;0.0;-2.0;0 - 0;0-0;3.75;nan;-;nan;;;;;;;;;;;;;;;;0.0;0.0;0.0;0.0;;;0.0;0.0;0.0;0.0;nan;[];[];[];[];[];[];[];[];1.0;0.0;0.0;1.0;0.0;0.0
2026-04-20;193143969;Sweden 1.div Norra;Sweden;14:30;Schedule;-0.26839826839826836;1.825;3.5;1.975;3.5;0.0;0.0;;0.0;0.0;0.0;0.0;0.0;;IFK Stocksund;;0.0;0.0;3.3;0;0.0;0 - 0;4.1;AFC Eskilstuna;;0.0;0.0;1.75;0;0.0;+0.5;0 - 0;0-0;3.5;1.5;-;nan;;;;;;;;;;;;;;;;0.0;0.0;0.0;0.0;;;0.0;0.0;0.0;0.0;nan;[];[];[];[];[];[];[];[];1.0;0.0;0.0;1.0;0.0;0.0
2026-04-20;193140892;Faroe Islands Premier League;Faroe Islands;14:30;Schedule;-0.7460236886632826;1.975;3.0, 3.5;1.825;3.0, 3.5;0.0;0.0;;0.0;0.0;0.0;0.0;0.0;;AB Argir;;0.0;0.0;10.0;0;0.0;0 - 0;6.0;KÍ Klaksvík;;0.0;0.0;1.182;0;0.0;+2.0;0 - 0;0-0;3.25;1.25;-;nan;;;;;;;;;;;;;;;;0.0;0.0;0.0;0.0;;;0.0;0.0;0.0;0.0;nan;[];[];[];[];[];[];[];[];1.0;0.0;0.0;1.0;0.0;0.0
2026-04-20;193140894;Faroe Islands Premier League;Faroe Islands;14:30;Schedule;-0.45614035087719296;1.825;2.5, 3.0;1.975;2.5, 3.0;0.0;0.0;;0.0;0.0;0.0;0.0;0.0;;07 Vestur;9.0;0.0;0.0;4.75;0;0.0;0 - 0;4.2;B36 Torshavn;4.0;0.0;0.0;1.5;0;0.0;+1.0;0 - 0;0-0;2.75;1.25;-;nan;;;;;;;;;;;;;;;;0.0;0.0;0.0;0.0;;;0.0;0.0;0.0;0.0;nan;[];[];[];[];[];[];[];[];1.0;0.0;0.0;1.0;0.0;0.0
2026-04-20;193140897;Faroe Islands Premier League;Faroe Islands;14:30;Schedule;0.7799749522114561;1.875;3.5;1.925;3.5;0.0;0.0;;0.0;0.0;0.0;0.0;0.0;;NSI Runavik;1.0;0.0;0.0;1.167;0;0.0;0 - 0;7.0;EB/Streymur;8.0;0.0;0.0;13.0;0;0.0;-2.25;0 - 0;0-0;3.5;1.5;-;nan;;;;;;;;;;;;;;;;0.0;0.0;0.0;0.0;;;0.0;0.0;0.0;0.0;nan;[];[];[];[];[];[];[];[];1.0;0.0;0.0;1.0;0.0;0.0
2026-04-20;193140983;Faroe Islands Premier League;Faroe Islands;14:30;Schedule;-0.4451612903225806;1.85;2.5;1.95;2.5;0.0;0.0;;0.0;0.0;0.0;0.0;0.0;;Skala IF;;0.0;0.0;5.0;0;0.0;0 - 0;3.8;Vikingur Gota;;0.0;0.0;1.55;0;0.0;+1.0;0 - 0;0-0;2.5;1.0;-;nan;;;;;;;;;;;;;;;;0.0;0.0;0.0;0.0;;;0.0;0.0;0.0;0.0;nan;[];[];[];[];[];[];[];[];1.0;0.0;0.0;1.0;0.0;0.0
2026-04-20;193165207;Republic of Ireland Leinster Senior League;Ireland;14:30;Schedule;0.030333670374115218;1.85;4.5;1.95;4.5;0.0;0.0;;0.0;0.0;0.0;0.0;0.0;;Home Farm FC;;0.0;0.0;2.15;0;0.0;0 - 0;4.75;Tolka Rovers;;0.0;0.0;2.3;0;0.0;0.0;0 - 0;0-0;4.5;2.0;-;nan;;;;;;;;;;;;;;;;0.0;0.0;0.0;0.0;;;0.0;0.0;0.0;0.0;nan;[];[];[];[];[];[];[];[];1.0;0.0;0.0;1.0;0.0;0.0
2026-04-20;193144664;Portugal Segunda Liga;Portugal;14:45;Schedule;-0.016006402561024313;2.025;2.5;1.775;2.5;0.0;0.0;;0.0;0.0;0.0;0.0;0.0;;FC Porto B;6.0;0.0;0.0;2.55;0;0.0;0 - 0;3.2;Leixoes;12.0;0.0;0.0;2.45;0;0.0;0.0;0 - 0;0-0;2.5;1.0;-;nan;;;;;;;;;;;;;;;;0.0;0.0;0.0;0.0;;;0.0;0.0;0.0;0.0;nan;[];[];[];[];[];[];[];[];1.0;0.0;0.0;1.0;0.0;0.0
2026-04-20;193143534;Saudi Arabia Division 1;Saudi Arabia;14:45;Schedule;0.4143150152061674;1.8;2.5;2.0;2.5;0.0;0.0;;0.0;0.0;0.0;0.0;0.0;;Al-Ula;4.0;0.0;0.0;1.571;0;0.0;0 - 0;3.9;Al Jabalain;6.0;0.0;0.0;4.5;0;0.0;-1.0;0 - 0;0-0;2.5;1.0;-;nan;;;;;;;;;;;;;;;;0.0;0.0;0.0;0.0;;;0.0;0.0;0.0;0.0;nan;[];[];[];[];[];[];[];[];1.0;0.0;0.0;1.0;0.0;0.0
2026-04-20;193144662;Portugal Segunda Liga;Portugal;14:45;Schedule;0.0;1.875;2.0, 2.5;1.925;2.0, 2.5;0.0;0.0;;0.0;0.0;0.0;0.0;0.0;;Sporting B;8.0;0.0;0.0;2.55;0;0.0;0 - 0;3.0;Felgueiras 1932;16.0;0.0;0.0;2.55;0;0.0;0.0;0 - 0;0-0;2.25;1.0;-;nan;;;;;;;;;;;;;;;;0.0;0.0;0.0;0.0;;;0.0;0.0;0.0;0.0;nan;[];[];[];[];[];[];[];[];1.0;0.0;0.0;1.0;0.0;0.0
2026-04-20;193213310;Uruguay Reserve League;Uruguay;15:00;Schedule;0.36909304038107676;1.825;2.5, 3.0;1.975;2.5, 3.0;0.0;0.0;;0.0;0.0;0.0;0.0;0.0;;Montevideo Wanderers Reserves;;0.0;0.0;1.667;0;0.0;0 - 0;3.5;Deportivo Maldonado Reserves;;0.0;0.0;4.333;0;0.0;-0.75;0 - 0;0-0;2.75;1.25;-;nan;;;;;;;;;;;;;;;;0.0;0.0;0.0;0.0;;;0.0;0.0;0.0;0.0;nan;[];[];[];[];[];[];[];[];1.0;0.0;0.0;1.0;0.0;0.0
2026-04-20;193213304;Uruguay Reserve League;Uruguay;15:00;Schedule;-0.2752834667728285;1.875;3.0, 3.5;1.925;3.0, 3.5;0.0;0.0;;0.0;0.0;0.0;0.0;0.0;;La Luz Reserves;;0.0;0.0;3.7;0;0.0;0 - 0;3.4;Torque Reserves;;0.0;0.0;1.833;0;0.0;+0.5;0 - 0;0-0;3.25;1.25;-;nan;;;;;;;;;;;;;;;;0.0;0.0;0.0;0.0;;;0.0;0.0;0.0;0.0;nan;[];[];[];[];[];[];[];[];1.0;0.0;0.0;1.0;0.0;0.0
2026-04-20;192518049;Argentina Liga Profesional;Argentina;15:00;Schedule;-0.14775413711583923;1.95;1.5, 2.0;1.85;1.5, 2.0;0.0;0.0;;0.0;0.0;0.0;0.0;0.0;;Barracas Central;;0.0;0.0;3.6;0;0.0;0 - 0;2.875;Belgrano;;0.0;0.0;2.35;0;0.0;+0.25;0 - 0;0-0;1.75;0.75;-;nan;;;;;;;;;;;;;;;;0.0;0.0;0.0;0.0;;;0.0;0.0;0.0;0.0;nan;[];[];[];[];[];[];[];[];1.0;0.0;0.0;1.0;0.0;0.0
2026-04-20;192610119;Netherlands Eerste Divisie;Netherlands;15:00;Schedule;0.19696969696969696;2.0;3.0, 3.5;1.8;3.0, 3.5;0.0;0.0;;0.0;0.0;0.0;0.0;0.0;;FC Den Bosch;;0.0;0.0;2.0;0;0.0;0 - 0;3.8;FC Utrecht Reserves;;0.0;0.0;3.3;0;0.0;-0.5;0 - 0;0-0;3.25;1.25;-;nan;;;;;;;;;;;;;;;;0.0;0.0;0.0;0.0;;;0.0;0.0;0.0;0.0;nan;[];[];[];[];[];[];[];[];1.0;0.0;0.0;1.0;0.0;0.0
2026-04-20;193007045;Belgium Reserve League;Belgium;15:00;Schedule;0.3104575163398693;1.95;3.5;1.85;3.5;0.0;0.0;;0.0;0.0;0.0;0.0;0.0;;Westerlo Reserves;;0.0;0.0;1.7;0;0.0;0 - 0;4.1;KFCO Beerschot-Wilrijk Reserves;;0.0;0.0;3.6;0;0.0;-0.5;0 - 0;0-0;3.5;1.5;-;nan;;;;;;;;;;;;;;;;0.0;0.0;0.0;0.0;;;0.0;0.0;0.0;0.0;nan;[];[];[];[];[];[];[];[];1.0;0.0;0.0;1.0;0.0;0.0
2026-04-20;192610228;Hungary NB II;Hungary;15:00;Schedule;0.7130674476699113;1.875;2.5, 3.0;1.925;2.5, 3.0;0.0;0.0;;0.0;0.0;0.0;0.0;0.0;;SC Vasas Budapest;;0.0;0.0;1.222;0;0.0;0 - 0;5.0;BVSC Zuglo;;0.0;0.0;9.5;0;0.0;-1.75;0 - 0;0-0;2.75;1.25;-;nan;;;;;;;;;;;;;;;;0.0;0.0;0.0;0.0;;;0.0;0.0;0.0;0.0;nan;[];[];[];[];[];[];[];[];1.0;0.0;0.0;1.0;0.0;0.0
2026-04-20;193159750;Brazil Campeonato Goiano U20;Brazil;15:30;Schedule;0.3214285714285714;2.0;3.0;1.8;3.0;0.0;0.0;;0.0;0.0;0.0;0.0;0.0;;Inhumas U20;;0.0;0.0;1.75;0;0.0;0 - 0;3.5;Aparecidense U20;;0.0;0.0;4.0;0;0.0;-0.75;0 - 0;0-0;3.0;1.25;-;nan;;;;;;;;;;;;;;;;0.0;0.0;0.0;0.0;;;0.0;0.0;0.0;0.0;nan;[];[];[];[];[];[];[];[];1.0;0.0;0.0;1.0;0.0;0.0
2026-04-20;192612865;Spain Segunda;Spain;15:30;Schedule;0.4984695669627177;1.9;2.5;1.9;2.5;0.0;0.0;;0.0;0.0;0.0;0.0;0.0;;Deportivo La Coruna;;0.0;0.0;1.533;0;0.0;0 - 0;4.0;Mirandes;;0.0;0.0;6.5;0;0.0;-1.0;0 - 0;0-0;2.5;1.0;-;nan;;;;;;;;;;;;;;;;0.0;0.0;0.0;0.0;;;0.0;0.0;0.0;0.0;nan;[];[];[];[];[];[];[];[];1.0;0.0;0.0;1.0;0.0;0.0
2026-04-20;193145724;Argentina Primera C Metropolitana;Argentina;15:30;Schedule;-0.044526901669758756;2.0;2.0;1.8;2.0;0.0;0.0;;0.0;0.0;0.0;0.0;0.0;;Defensores de Cambaceres;;0.0;0.0;2.75;0;0.0;0 - 0;2.8;Leones de Rosario;;0.0;0.0;2.45;0;0.0;0.0;0 - 0;0-0;2.0;0.75;-;nan;;;;;;;;;;;;;;;;0.0;0.0;0.0;0.0;;;0.0;0.0;0.0;0.0;nan;[];[];[];[];[];[];[];[];1.0;0.0;0.0;1.0;0.0;0.0
2026-04-20;193145726;Argentina Primera C Metropolitana;Argentina;15:30;Schedule;0.33333333333333337;1.925;2.0;1.875;2.0;0.0;0.0;;0.0;0.0;0.0;0.0;0.0;;Sportivo Barracas;;0.0;0.0;1.8;0;0.0;0 - 0;3.0;Deportivo Paraguayo;;0.0;0.0;4.5;0;0.0;-0.5;0 - 0;0-0;2.0;0.75;-;nan;;;;;;;;;;;;;;;;0.0;0.0;0.0;0.0;;;0.0;0.0;0.0;0.0;nan;[];[];[];[];[];[];[];[];1.0;0.0;0.0;1.0;0.0;0.0
2026-04-20;193145815;Argentina Primera B Metropolitana;Argentina;15:30;Schedule;0.09219858156028371;1.75;1.5, 2.0;2.05;1.5, 2.0;0.0;0.0;;0.0;0.0;0.0;0.0;0.0;;Deportivo Camioneros;8.0;0.0;0.0;2.35;0;0.0;0 - 0;2.75;Defensores Unidos;17.0;0.0;0.0;3.0;0;0.0;-0.25;0 - 0;0-0;1.75;0.75;-;nan;;;;;;;;;;;;;;;;0.0;0.0;0.0;0.0;;;0.0;0.0;0.0;0.0;nan;[];[];[];[];[];[];[];[];1.0;0.0;0.0;1.0;0.0;0.0
2026-04-20;192936255;England Southern Premier League South;England;15:45;Schedule;-0.0444444444444444;1.8;3.0;2.0;3.0;0.0;0.0;;0.0;0.0;0.0;0.0;0.0;;Taunton Town;;0.0;0.0;2.5;0;0.0;0 - 0;3.7;Farnham Town;;0.0;0.0;2.25;0;0.0;0.0;0 - 0;0-0;3.0;1.25;-;nan;;;;;;;;;;;;;;;;0.0;0.0;0.0;0.0;;;0.0;0.0;0.0;0.0;nan;[];[];[];[];[];[];[];[];1.0;0.0;0.0;1.0;0.0;0.0
2026-04-20;192511386;Italy Serie A;Italy;15:45;Schedule;-0.19047619047619047;1.975;2.0, 2.5;1.875;2.0, 2.5;0.0;0.0;;0.0;0.0;0.0;0.0;0.0;;Lecce;18.0;0.0;0.0;3.5;0;0.0;0 - 0;3.3;Fiorentina;15.0;0.0;0.0;2.1;0;0.0;+0.25;0 - 0;0-0;2.25;1.0;-;nan;;;;;;;;;;;;;;;;0.0;0.0;0.0;0.0;;;0.0;0.0;0.0;0.0;nan;[];[];[];[];[];[];[];[];1.0;0.0;0.0;1.0;0.0;0.0
2026-04-20;193165205;Republic of Ireland Leinster Senior Cup;Ireland;15:45;Schedule;-0.02354788069073782;2.05;2.0, 2.5;1.75;2.0, 2.5;0.0;0.0;;0.0;0.0;0.0;0.0;0.0;;Bray Wanderers;;0.0;0.0;2.6;0;0.0;0 - 0;3.1;Drogheda United;;0.0;0.0;2.45;0;0.0;0.0;0 - 0;0-0;2.25;0.75;-;nan;;;;;;;;;;;;;;;;0.0;0.0;0.0;0.0;;;0.0;0.0;0.0;0.0;nan;[];[];[];[];[];[];[];[];1.0;0.0;0.0;1.0;0.0;0.0
2026-04-20;193163711;Northern Ireland Reserve League;North Ireland;15:45;Schedule;-0.11567120300189221;1.8;4.0;2.0;4.0;0.0;0.0;;0.0;0.0;0.0;0.0;0.0;;Carrick Rangers Reserves;;0.0;0.0;2.45;0;0.0;0 - 0;5.5;Dungannon Swifts Reserves;;0.0;0.0;1.909;0;0.0;+0.25;0 - 0;0-0;4.0;1.75;-;nan;;;;;;;;;;;;;;;;0.0;0.0;0.0;0.0;;;0.0;0.0;0.0;0.0;nan;[];[];[];[];[];[];[];[];1.0;0.0;0.0;1.0;0.0;0.0
2026-04-20;192608472;France Ligue 2;France;15:45;Schedule;0.26777595926532094;1.875;2.5;1.925;2.5;0.0;0.0;;0.0;0.0;0.0;0.0;0.0;;Dunkerque;;0.0;0.0;1.833;0;0.0;0 - 0;3.3;Laval;;0.0;0.0;3.6;0;0.0;-0.5;0 - 0;0-0;2.5;1.0;-;nan;;;;;;;;;;;;;;;;0.0;0.0;0.0;0.0;;;0.0;0.0;0.0;0.0;nan;[];[];[];[];[];[];[];[];1.0;0.0;0.0;1.0;0.0;0.0
2026-04-20;193213295;Uruguay Reserve League;Uruguay;16:00;Schedule;0.09961685823754785;1.85;2.5;1.95;2.5;0.0;0.0;;0.0;0.0;0.0;0.0;0.0;;Colon FC Reserves;;0.0;0.0;2.25;0;0.0;0 - 0;3.25;Club Atletico Progreso Reserves;;0.0;0.0;2.9;0;0.0;-0.25;0 - 0;0-0;2.5;1.0;-;nan;;;;;;;;;;;;;;;;0.0;0.0;0.0;0.0;;;0.0;0.0;0.0;0.0;nan;[];[];[];[];[];[];[];[];1.0;0.0;0.0;1.0;0.0;0.0
2026-04-20;191691460;England Premier League;England;16:00;Schedule;0.04433077578857636;1.9;2.5;1.95;2.5;0.0;0.0;;0.0;0.0;0.0;0.0;0.0;;Crystal Palace;13.0;0.0;0.0;2.55;0;0.0;0 - 0;3.2;West Ham;17.0;0.0;0.0;2.875;0;0.0;0.0;0 - 0;0-0;2.5;1.0;-;nan;;;;;;;;;;;;;;;;0.0;0.0;0.0;0.0;;;0.0;0.0;0.0;0.0;nan;[];[];[];[];[];[];[];[];1.0;0.0;0.0;1.0;0.0;0.0
2026-04-20;192611667;Portugal Primeira Liga;Portugal;16:15;Schedule;-0.1218637992831541;1.825;2.5;2.025;2.5;0.0;0.0;;0.0;0.0;0.0;0.0;0.0;;Moreirense;9.0;0.0;0.0;3.1;0;0.0;0 - 0;3.4;Estoril;8.0;0.0;0.0;2.25;0;0.0;+0.25;0 - 0;0-0;2.5;1.0;-;nan;;;;;;;;;;;;;;;;0.0;0.0;0.0;0.0;;;0.0;0.0;0.0;0.0;nan;[];[];[];[];[];[];[];[];1.0;0.0;0.0;1.0;0.0;0.0
2026-04-20;193221827;Peru Liga 2;Peru;17:00;Schedule;0.6823529411764706;1.825;3.0;1.975;3.0;0.0;0.0;;0.0;0.0;0.0;0.0;0.0;;Deportivo Binacional;;0.0;0.0;1.25;0;0.0;0 - 0;5.25;CD Estudiantil CNI;;0.0;0.0;8.5;0;0.0;-1.75;0 - 0;0-0;3.0;1.25;-;nan;;;;;;;;;;;;;;;;0.0;0.0;0.0;0.0;;;0.0;0.0;0.0;0.0;nan;[];[];[];[];[];[];[];[];1.0;0.0;0.0;1.0;0.0;0.0
2026-04-20;192608777;Uruguay Apertura;Uruguay;17:00;Schedule;0.1014492753623189;1.775;2.0;2.025;2.0;0.0;0.0;;0.0;0.0;0.0;0.0;0.0;;Boston River;;0.0;0.0;2.3;0;0.0;0 - 0;2.875;Cerro Largo;;0.0;0.0;3.0;0;0.0;-0.25;0 - 0;0-0;2.0;0.75;-;nan;;;;;;;;;;;;;;;;0.0;0.0;0.0;0.0;;;0.0;0.0;0.0;0.0;nan;[];[];[];[];[];[];[];[];1.0;0.0;0.0;1.0;0.0;0.0
2026-04-20;193144918;Paraguay Division Intermedia;Paraguay;17:00;Schedule;0.011204481792717158;2.025;2.0;1.775;2.0;0.0;0.0;;0.0;0.0;0.0;0.0;0.0;;Deportivo Santaní;;0.0;0.0;2.55;0;0.0;0 - 0;3.0;12 de Junio de Villa Hayes;;0.0;0.0;2.625;0;0.0;0.0;0 - 0;0-0;2.0;0.75;-;nan;;;;;;;;;;;;;;;;0.0;0.0;0.0;0.0;;;0.0;0.0;0.0;0.0;nan;[];[];[];[];[];[];[];[];1.0;0.0;0.0;1.0;0.0;0.0
2026-04-20;193119487;Chile Segunda;Chile;17:00;Schedule;-0.4991789819376027;1.85;2.5, 3.0;1.95;2.5, 3.0;0.0;0.0;;0.0;0.0;0.0;0.0;0.0;;Deportes Rengo;11.0;0.0;0.0;5.25;0;0.0;0 - 0;4.2;Deportes Linares;2.0;0.0;0.0;1.45;0;0.0;+1.25;0 - 0;0-0;2.75;1.25;-;nan;;;;;;;;;;;;;;;;0.0;0.0;0.0;0.0;;;0.0;0.0;0.0;0.0;nan;[];[];[];[];[];[];[];[];1.0;0.0;0.0;1.0;0.0;0.0
2026-04-20;192518053;Argentina Liga Profesional;Argentina;17:15;Schedule;-0.06203473945409427;1.95;1.5, 2.0;1.85;1.5, 2.0;0.0;0.0;;0.0;0.0;0.0;0.0;0.0;;Central Cordoba SdE;;0.0;0.0;3.1;0;0.0;0 - 0;2.875;Platense;;0.0;0.0;2.6;0;0.0;0.0;0 - 0;0-0;1.75;0.75;-;nan;;;;;;;;;;;;;;;;0.0;0.0;0.0;0.0;;;0.0;0.0;0.0;0.0;nan;[];[];[];[];[];[];[];[];1.0;0.0;0.0;1.0;0.0;0.0
2026-04-20;192518051;Argentina Liga Profesional;Argentina;17:15;Schedule;-0.025542784163473775;1.825;2.0;1.975;2.0;0.0;0.0;;0.0;0.0;0.0;0.0;0.0;;Banfield;;0.0;0.0;2.9;0;0.0;0 - 0;3.0;Independiente Rivadavia De Mendoza;;0.0;0.0;2.7;0;0.0;0.0;0 - 0;0-0;2.0;0.75;-;nan;;;;;;;;;;;;;;;;0.0;0.0;0.0;0.0;;;0.0;0.0;0.0;0.0;nan;[];[];[];[];[];[];[];[];1.0;0.0;0.0;1.0;0.0;0.0
2026-04-20;193078655;Uruguay Segunda;Uruguay;18:00;Schedule;0.024509803921568596;1.85;2.0, 2.5;1.95;2.0, 2.5;0.0;0.0;;0.0;0.0;0.0;0.0;0.0;;Rentistas;;0.0;0.0;2.4;0;0.0;0 - 0;3.3;Club Oriental;;0.0;0.0;2.55;0;0.0;0.0;0 - 0;0-0;2.25;1.0;-;nan;;;;;;;;;;;;;;;;0.0;0.0;0.0;0.0;;;0.0;0.0;0.0;0.0;nan;[];[];[];[];[];[];[];[];1.0;0.0;0.0;1.0;0.0;0.0
2026-04-20;192915036;Venezuela Primera Division;Venezuela;18:00;Schedule;0.16369047619047616;2.025;2.0, 2.5;1.775;2.0, 2.5;0.0;0.0;;0.0;0.0;0.0;0.0;0.0;;Zamora;9.0;0.0;0.0;2.1;0;0.0;0 - 0;3.1;Caracas;11.0;0.0;0.0;3.2;0;0.0;-0.25;0 - 0;0-0;2.25;0.75;-;nan;;;;;;;;;;;;;;;;0.0;0.0;0.0;0.0;;;0.0;0.0;0.0;0.0;nan;[];[];[];[];[];[];[];[];1.0;0.0;0.0;1.0;0.0;0.0
2026-04-20;193145030;Panama First Division Women;Panama;18:00;Schedule;-0.7156862745098039;1.85;4.5;1.95;4.5;0.0;0.0;;0.0;0.0;0.0;0.0;0.0;;Tevi Cocle (W);;0.0;0.0;8.5;0;0.0;0 - 0;7.0;UMECIT (W);;0.0;0.0;1.2;0;0.0;+2.25;0 - 0;0-0;4.5;2.0;-;nan;;;;;;;;;;;;;;;;0.0;0.0;0.0;0.0;;;0.0;0.0;0.0;0.0;nan;[];[];[];[];[];[];[];[];1.0;0.0;0.0;1.0;0.0;0.0
2026-04-20;192914965;Paraguay Division Profesional;Paraguay;18:15;Schedule;-0.348251811985181;1.975;2.0, 2.5;1.825;2.0, 2.5;0.0;0.0;;0.0;0.0;0.0;0.0;0.0;;Rubio NU;;0.0;0.0;4.333;0;0.0;0 - 0;3.2;Libertad Asuncion;;0.0;0.0;1.727;0;0.0;+0.5;0 - 0;0-0;2.25;1.0;-;nan;;;;;;;;;;;;;;;;0.0;0.0;0.0;0.0;;;0.0;0.0;0.0;0.0;nan;[];[];[];[];[];[];[];[];1.0;0.0;0.0;1.0;0.0;0.0
2026-04-20;192914996;Venezuela Primera Division;Venezuela;19:00;Schedule;0.5604395604395604;1.95;2.5, 3.0;1.85;2.5, 3.0;0.0;0.0;;0.0;0.0;0.0;0.0;0.0;;Carabobo;7.0;0.0;0.0;1.4;0;0.0;0 - 0;4.1;Academia Anzoategui FC;13.0;0.0;0.0;6.5;0;0.0;-1.25;0 - 0;0-0;2.75;1.0;-;nan;;;;;;;;;;;;;;;;0.0;0.0;0.0;0.0;;;0.0;0.0;0.0;0.0;nan;[];[];[];[];[];[];[];[];1.0;0.0;0.0;1.0;0.0;0.0
2026-04-20;192337398;Brazil Serie A1 Women;Brazil;19:00;Schedule;0.4547190556102078;1.8;2.0, 2.5;2.0;2.0, 2.5;0.0;0.0;;0.0;0.0;0.0;0.0;0.0;;Sao Paulo (W);;0.0;0.0;1.571;0;0.0;0 - 0;3.3;Gremio (W);;0.0;0.0;5.5;0;0.0;-0.75;0 - 0;0-0;2.25;1.0;-;nan;;;;;;;;;;;;;;;;0.0;0.0;0.0;0.0;;;0.0;0.0;0.0;0.0;nan;[];[];[];[];[];[];[];[];1.0;0.0;0.0;1.0;0.0;0.0
2026-04-20;192337393;Brazil Serie A1 Women;Brazil;19:00;Schedule;0.5714285714285714;1.825;2.5;1.975;2.5;0.0;0.0;;0.0;0.0;0.0;0.0;0.0;;Santos (W);;0.0;0.0;1.4;0;0.0;0 - 0;4.0;Atletico Mineiro (W);;0.0;0.0;7.0;0;0.0;-1.25;0 - 0;0-0;2.5;1.0;-;nan;;;;;;;;;;;;;;;;0.0;0.0;0.0;0.0;;;0.0;0.0;0.0;0.0;nan;[];[];[];[];[];[];[];[];1.0;0.0;0.0;1.0;0.0;0.0
2026-04-20;192337387;Brazil Serie A1 Women;Brazil;19:00;Schedule;0.8656126482213439;2.0;3.5;1.8;3.5;0.0;0.0;;0.0;0.0;0.0;0.0;0.0;;Ferroviaria (W);;0.0;0.0;1.1;0;0.0;0 - 0;8.5;America MG (W);;0.0;0.0;23.0;0;0.0;-2.5;0 - 0;0-0;3.5;1.5;-;nan;;;;;;;;;;;;;;;;0.0;0.0;0.0;0.0;;;0.0;0.0;0.0;0.0;nan;[];[];[];[];[];[];[];[];1.0;0.0;0.0;1.0;0.0;0.0
2026-04-20;193144923;Paraguay Division Intermedia;Paraguay;19:30;Schedule;-0.016006402561024313;1.775;2.0;2.025;2.0;0.0;0.0;;0.0;0.0;0.0;0.0;0.0;;Fernando de la Mora;;0.0;0.0;2.55;0;0.0;0 - 0;3.1;Sportivo Carapegua;;0.0;0.0;2.45;0;0.0;0.0;0 - 0;0-0;2.0;0.75;-;nan;;;;;;;;;;;;;;;;0.0;0.0;0.0;0.0;;;0.0;0.0;0.0;0.0;nan;[];[];[];[];[];[];[];[];1.0;0.0;0.0;1.0;0.0;0.0
2026-04-20;192518060;Argentina Liga Profesional;Argentina;19:30;Schedule;-0.07965686274509809;1.825;1.5, 2.0;1.975;1.5, 2.0;0.0;0.0;;0.0;0.0;0.0;0.0;0.0;;San Lorenzo;;0.0;0.0;3.2;0;0.0;0 - 0;2.9;Velez Sarsfield;;0.0;0.0;2.55;0;0.0;+0.25;0 - 0;0-0;1.75;0.75;-;nan;;;;;;;;;;;;;;;;0.0;0.0;0.0;0.0;;;0.0;0.0;0.0;0.0;nan;[];[];[];[];[];[];[];[];1.0;0.0;0.0;1.0;0.0;0.0
2026-04-20;192554397;Argentina Nacional B;Argentina;20:00;Schedule;0.20195838433292534;1.875;1.5, 2.0;1.925;1.5, 2.0;0.0;0.0;;0.0;0.0;0.0;0.0;0.0;;Atletico Rafaela;;0.0;0.0;2.15;0;0.0;0 - 0;3.0;Agropecuario;;0.0;0.0;3.8;0;0.0;-0.25;0 - 0;0-0;1.75;0.75;-;nan;;;;;;;;;;;;;;;;0.0;0.0;0.0;0.0;;;0.0;0.0;0.0;0.0;nan;[];[];[];[];[];[];[];[];1.0;0.0;0.0;1.0;0.0;0.0
2026-04-20;192915000;Venezuela Primera Division;Venezuela;20:00;Schedule;0.34433285509325684;1.8;2.0, 2.5;2.0;2.0, 2.5;0.0;0.0;;0.0;0.0;0.0;0.0;0.0;;Deportivo La Guaira;;0.0;0.0;1.7;0;0.0;0 - 0;3.5;Portuguesa FC;;0.0;0.0;4.1;0;0.0;-0.75;0 - 0;0-0;2.25;1.0;-;nan;;;;;;;;;;;;;;;;0.0;0.0;0.0;0.0;;;0.0;0.0;0.0;0.0;nan;[];[];[];[];[];[];[];[];1.0;0.0;0.0;1.0;0.0;0.0
2026-04-20;193178939;Brazil Serie C;Brazil;20:00;Schedule;0.1367521367521367;2.05;2.0;1.75;2.0;0.0;0.0;;0.0;0.0;0.0;0.0;0.0;;Floresta;;0.0;0.0;2.25;0;0.0;0 - 0;2.8;Ferroviaria;;0.0;0.0;3.25;0;0.0;-0.25;0 - 0;0-0;2.0;0.75;-;nan;;;;;;;;;;;;;;;;0.0;0.0;0.0;0.0;;;0.0;0.0;0.0;0.0;nan;[];[];[];[];[];[];[];[];1.0;0.0;0.0;1.0;0.0;0.0
2026-04-20;193178942;Brazil Serie C;Brazil;20:00;Schedule;0.5503791982665223;1.975;2.5;1.825;2.5;0.0;0.0;;0.0;0.0;0.0;0.0;0.0;;Maringa;;0.0;0.0;1.42;0;0.0;0 - 0;3.75;Brusque;;0.0;0.0;6.5;0;0.0;-1.25;0 - 0;0-0;2.5;1.0;-;nan;;;;;;;;;;;;;;;;0.0;0.0;0.0;0.0;;;0.0;0.0;0.0;0.0;nan;[];[];[];[];[];[];[];[];1.0;0.0;0.0;1.0;0.0;0.0
2026-04-20;193266777;Costa Rica Segunda;Costa Rica;20:00;Schedule;-0.12028869286287086;1.9;2.5;1.9;2.5;0.0;0.0;;0.0;0.0;0.0;0.0;0.0;;Pitbulls Santa Barbara;;0.0;0.0;2.9;0;0.0;0 - 0;3.3;Inter San Carlos;;0.0;0.0;2.15;0;0.0;+0.25;0 - 0;0-0;2.5;1.0;-;nan;;;;;;;;;;;;;;;;0.0;0.0;0.0;0.0;;;0.0;0.0;0.0;0.0;nan;[];[];[];[];[];[];[];[];1.0;0.0;0.0;1.0;0.0;0.0
2026-04-20;192608288;Colombia Primera A;Colombia;20:20;Schedule;0.2628205128205129;1.9;2.5;1.9;2.5;0.0;0.0;;0.0;0.0;0.0;0.0;0.0;;Once Caldas;;0.0;0.0;1.95;0;0.0;0 - 0;3.3;Internacional de Bogota;;0.0;0.0;4.0;0;0.0;-0.5;0 - 0;0-0;2.5;1.0;-;nan;;;;;;;;;;;;;;;;0.0;0.0;0.0;0.0;;;0.0;0.0;0.0;0.0;nan;[];[];[];[];[];[];[];[];1.0;0.0;0.0;1.0;0.0;0.0
2026-04-20;192914969;Paraguay Division Profesional;Paraguay;20:30;Schedule;0.02178649237472774;1.95;2.0;1.85;2.0;0.0;0.0;;0.0;0.0;0.0;0.0;0.0;;Sportivo Ameliano;;0.0;0.0;2.55;0;0.0;0 - 0;2.875;Nacional Asuncion;;0.0;0.0;2.7;0;0.0;0.0;0 - 0;0-0;2.0;0.75;-;nan;;;;;;;;;;;;;;;;0.0;0.0;0.0;0.0;;;0.0;0.0;0.0;0.0;nan;[];[];[];[];[];[];[];[];1.0;0.0;0.0;1.0;0.0;0.0
2026-04-20;192608786;Uruguay Apertura;Uruguay;20:30;Schedule;0.5708920187793428;2.0;2.5;1.8;2.5;0.0;0.0;;0.0;0.0;0.0;0.0;0.0;;Penarol;;0.0;0.0;1.42;0;0.0;0 - 0;3.75;Juventud De Las Piedras;;0.0;0.0;7.5;0;0.0;-1.25;0 - 0;0-0;2.5;1.0;-;nan;;;;;;;;;;;;;;;;0.0;0.0;0.0;0.0;;;0.0;0.0;0.0;0.0;nan;[];[];[];[];[];[];[];[];1.0;0.0;0.0;1.0;0.0;0.0
2026-04-20;192606788;Chile Liga de Primera;Chile;21:00;Schedule;0.43452380952380953;1.8;2.5;2.0;2.5;0.0;0.0;;0.0;0.0;0.0;0.0;0.0;;Universidad Catolica;;0.0;0.0;1.6;0;0.0;0 - 0;3.9;Union La Calera;;0.0;0.0;5.25;0;0.0;-1.0;0 - 0;0-0;2.5;1.0;-;nan;;;;;;;;;;;;;;;;0.0;0.0;0.0;0.0;;;0.0;0.0;0.0;0.0;nan;[];[];[];[];[];[];[];[];1.0;0.0;0.0;1.0;0.0;0.0
2026-04-20;193266780;Chile Primera B;Chile;21:00;Schedule;0.3082706766917293;2.025;2.5;1.775;2.5;0.0;0.0;;0.0;0.0;0.0;0.0;0.0;;Puerto Montt;6.0;0.0;0.0;1.75;0;0.0;0 - 0;3.5;Deportes Temuco;8.0;0.0;0.0;3.8;0;0.0;-0.5;0 - 0;0-0;2.5;1.0;-;nan;;;;;;;;;;;;;;;;0.0;0.0;0.0;0.0;;;0.0;0.0;0.0;0.0;nan;[];[];[];[];[];[];[];[];1.0;0.0;0.0;1.0;0.0;0.0
2026-04-20;192554400;Argentina Nacional B;Argentina;21:00;Schedule;0.2322880371660859;1.825;1.5, 2.0;1.975;1.5, 2.0;0.0;0.0;;0.0;0.0;0.0;0.0;0.0;;CA Atlanta;;0.0;0.0;2.1;0;0.0;0 - 0;2.9;Chacarita Juniors;;0.0;0.0;4.1;0;0.0;-0.25;0 - 0;0-0;1.75;0.75;-;nan;;;;;;;;;;;;;;;;0.0;0.0;0.0;0.0;;;0.0;0.0;0.0;0.0;nan;[];[];[];[];[];[];[];[];1.0;0.0;0.0;1.0;0.0;0.0
2026-04-20;192337404;Brazil Serie A1 Women;Brazil;21:00;Schedule;-0.8160671092584015;2.0;3.0, 3.5;1.8;3.0, 3.5;0.0;0.0;;0.0;0.0;0.0;0.0;0.0;;Juventude (W);;0.0;0.0;17.0;0;0.0;0 - 0;7.0;Corinthians (W);;0.0;0.0;1.143;0;0.0;+2.25;0 - 0;0-0;3.25;1.25;-;nan;;;;;;;;;;;;;;;;0.0;0.0;0.0;0.0;;;0.0;0.0;0.0;0.0;nan;[];[];[];[];[];[];[];[];1.0;0.0;0.0;1.0;0.0;0.0
2026-04-20;193281747;Aruba Silver League;Aruba;21:30;Schedule;0.05228758169934633;1.95;3.0;1.85;3.0;0.0;0.0;;0.0;0.0;0.0;0.0;0.0;;SV Brazil Juniors;;0.0;0.0;2.25;0;0.0;0 - 0;3.5;SV Caiquetio;;0.0;0.0;2.55;0;0.0;0.0;0 - 0;0-0;3.0;1.25;-;nan;;;;;;;;;;;;;;;;0.0;0.0;0.0;0.0;;;0.0;0.0;0.0;0.0;nan;[];[];[];[];[];[];[];[];1.0;0.0;0.0;1.0;0.0;0.0
2026-04-20;192337407;Brazil Serie A1 Women;Brazil;21:30;Schedule;0.4057502538142655;1.875;2.5, 3.0;1.925;2.5, 3.0;0.0;0.0;;0.0;0.0;0.0;0.0;0.0;;Flamengo (W);;0.0;0.0;1.571;0;0.0;0 - 0;3.9;Bahia (W);;0.0;0.0;4.333;0;0.0;-0.75;0 - 0;0-0;2.75;1.25;-;nan;;;;;;;;;;;;;;;;0.0;0.0;0.0;0.0;;;0.0;0.0;0.0;0.0;nan;[];[];[];[];[];[];[];[];1.0;0.0;0.0;1.0;0.0;0.0
2026-04-20;192521996;Argentina Liga Profesional;Argentina;21:45;Schedule;0.19841269841269837;2.0;1.5, 2.0;1.8;1.5, 2.0;0.0;0.0;;0.0;0.0;0.0;0.0;0.0;;Tigre;;0.0;0.0;2.1;0;0.0;0 - 0;2.75;Huracan;;0.0;0.0;3.6;0;0.0;-0.25;0 - 0;0-0;1.75;0.75;-;nan;;;;;;;;;;;;;;;;0.0;0.0;0.0;0.0;;;0.0;0.0;0.0;0.0;nan;[];[];[];[];[];[];[];[];1.0;0.0;0.0;1.0;0.0;0.0
2026-04-20;192518078;Argentina Liga Profesional;Argentina;21:45;Schedule;-0.12254901960784315;1.775;1.5, 2.0;2.025;1.5, 2.0;0.0;0.0;;0.0;0.0;0.0;0.0;0.0;;Gimnasia Mendoza;;0.0;0.0;3.4;0;0.0;0 - 0;2.9;Lanus;;0.0;0.0;2.4;0;0.0;+0.25;0 - 0;0-0;1.75;0.75;-;nan;;;;;;;;;;;;;;;;0.0;0.0;0.0;0.0;;;0.0;0.0;0.0;0.0;nan;[];[];[];[];[];[];[];[];1.0;0.0;0.0;1.0;0.0;0.0
2026-04-20;193069099;Costa Rica Segunda;Costa Rica;22:00;Schedule;-0.09090909090909088;1.9;2.5;1.9;2.5;0.0;0.0;;0.0;0.0;0.0;0.0;0.0;;Futbol Consultants Desamparados;;0.0;0.0;2.75;0;0.0;0 - 0;3.4;ADR Jicaral;;0.0;0.0;2.2;0;0.0;+0.25;0 - 0;0-0;2.5;1.0;-;nan;;;;;;;;;;;;;;;;0.0;0.0;0.0;0.0;;;0.0;0.0;0.0;0.0;nan;[];[];[];[];[];[];[];[];1.0;0.0;0.0;1.0;0.0;0.0
2026-04-20;193108541;Guatemala Primera Division;Guatemala;22:00;Schedule;0.45468509984639016;1.85;2.0, 2.5;1.95;2.0, 2.5;0.0;0.0;;0.0;0.0;0.0;0.0;0.0;;CSD Comunicaciones;;0.0;0.0;1.55;0;0.0;0 - 0;3.5;Guastatoya;;0.0;0.0;5.25;0;0.0;-1.0;0 - 0;0-0;2.25;1.0;-;nan;;;;;;;;;;;;;;;;0.0;0.0;0.0;0.0;;;0.0;0.0;0.0;0.0;nan;[];[];[];[];[];[];[];[];1.0;0.0;0.0;1.0;0.0;0.0
2026-04-20;192950393;Mexico Liga MX Femenil;Mexico;22:06;Schedule;0.007541478129713508;1.775;2.0, 2.5;2.025;2.0, 2.5;0.0;0.0;;0.0;0.0;0.0;0.0;0.0;;Juarez FC (W);;0.0;0.0;2.55;0;0.0;0 - 0;3.0;Chivas Guadalajara (W);;0.0;0.0;2.6;0;0.0;0.0;0 - 0;0-0;2.25;1.0;-;nan;;;;;;;;;;;;;;;;0.0;0.0;0.0;0.0;;;0.0;0.0;0.0;0.0;nan;[];[];[];[];[];[];[];[];1.0;0.0;0.0;1.0;0.0;0.0
2026-04-20;192608295;Colombia Primera A;Colombia;22:30;Schedule;0.42424242424242425;2.0;2.5;1.8;2.5;0.0;0.0;;0.0;0.0;0.0;0.0;0.0;;Atletico Nacional;;0.0;0.0;1.65;0;0.0;0 - 0;3.6;Atletico Bucaramanga;;0.0;0.0;5.5;0;0.0;-0.75;0 - 0;0-0;2.5;1.0;-;nan;;;;;;;;;;;;;;;;0.0;0.0;0.0;0.0;;;0.0;0.0;0.0;0.0;nan;[];[];[];[];[];[];[];[];1.0;0.0;0.0;1.0;0.0;0.0
2026-04-20;193265029;Panama LPF;Panama;22:30;Schedule;0.5;1.8;2.0, 2.5;2.0;2.0, 2.5;0.0;0.0;;0.0;0.0;0.0;0.0;0.0;;CA Independiente de la Chorrera;;0.0;0.0;1.5;0;0.0;0 - 0;3.6;Herrera FC;;0.0;0.0;6.0;0;0.0;-1.0;0 - 0;0-0;2.25;1.0;-;nan;;;;;;;;;;;;;;;;0.0;0.0;0.0;0.0;;;0.0;0.0;0.0;0.0;nan;[];[];[];[];[];[];[];[];1.0;0.0;0.0;1.0;0.0;0.0
